"InsuranceID";"InsuranceCompanyName";"SubscriberNo";"GroupNo";"PolicyHolderName";"SameAsPatient";"InsuranceName";"DateOfBirth";"SSN";"Telephone";"Gender";"HomeAddress";"Employer";"PatientRelationshipToInsured"
1021;"Dach-Oberbrunner";5758144;54961;"Reider Harness";1;"Lynelle Doumer";"2004-03-11";51046326;85284636;"Transgender";"89 Autumn Leaf Street";"Quaxo";"Sibling"
1731;"Feest Group";5921911;940222;"Elena O'Drought";0;"Rosalinde Sheeres";"1955-12-11";276905796;32935429;"Female";"5055 Packers Court";"Npath";"Sibling"
3147;"Gibson-Maggio";9741051;352771;"Beatriz Ducroe";0;"Torie Barraclough";"1946-05-02";453109861;73129836;"Female";"8 Oak Hill";"Meemm";"Child"
4228;"Anderson, Kshlerin and Kiehn";7748029;470014;"Ignacio Bonnell";1;"Vitoria Brimblecomb";"1990-08-22";640239257;67606336;"Female";"89 Messerschmidt Lane";"Roodel";"Spouse"
5256;"HYBE Insurances";10000;20000;"Senorin, Sheen S.";1;"Senorin, Sheen S.";"2001-03-21";13121;13131312;"Female";"5209 Kawit, Gloria, Oriental Mindoro";"Kim Taehyung";""
5700;"Kessler, Lakin and Denesik";3170217;472824;"Nils Gannaway";1;"Xena Wilson";"2003-05-11";314760229;72583923;"Transgender";"8 Sunnyside Pass";"Yata";"Sibling"
6547;"Purdy-Stanton";7660076;663407;"Leopold Clemente";0;"Cacilia Varden";"1983-11-14";267573679;21697658;"Female";"21655 Vidon Drive";"Wikibox";"Other"
7386;"Ebert Group";9325324;569268;"Alaine Moorcraft";0;"Omar Arno";"1986-10-26";474473440;64647327;"Female";"00 Armistice Park";"Eare";"Other"
8489;"Paucek, Schuster and Kub";4854665;918376;"Cly Gabbitis";0;"Margaretha Rowena";"2003-08-07";876239345;6373889;"Male";"5 Amoth Plaza";"Zoomdog";"Sibling"
8955;"HYBE Insurances";10000;20000;"Kim Shin";0;"Kim Shin";"1973-03-24";1232323;234234;"Female";"5209 Kawit, Gloria, Oriental Mindoro";"Park Jimin";""
10410;"Grady, Kassulke and Barton";8023091;777977;"Alain Nucciotti";0;"Vance Mattiessen";"2001-01-21";506464574;5154097;"Female";"96 Texas Court";"Photojam";"Parent"
10695;"Mante, King and Tremblay";9164037;971643;"Jess Labba";0;"Jeremie Klesse";"1954-03-22";263684991;8222858;"Male";"465 Shopko Plaza";"Quinu";"Child"
12155;"Howell and Sons";1123522;597804;"Vincents Sheryn";1;"Morna Stevenson";"1965-11-10";161170957;17594696;"Male";"264 Fremont Terrace";"Jetpulse";"Spouse"
12269;"Orn-Schuster";6194831;763271;"Saunderson Di Biasio";1;"Fifine Jedrzejewski";"1953-12-25";101241198;18737264;"Transgender";"9 Ilene Court";"Skyndu";"Other"
12353;"Huels Inc";7319541;444025;"Krystal Juanes";1;"Isobel Coen";"1982-08-09";896438902;63818408;"Female";"20 Morrow Drive";"Eidel";"Child"
12752;"Harvey-Douglas";2154859;114259;"Osborn Castell";1;"Chris Vesco";"1978-01-11";460816001;61480618;"Transgender";"07 Drewry Terrace";"Flashdog";"Other"
13985;"Bailey, Bode and Bode";184136;391812;"Alphonse Langmaid";0;"Lilly Ruusa";"1979-03-21";759870091;68470696;"Female";"3792 Kenwood Avenue";"Skajo";"Other"
14128;"Emmerich Group";5534777;400916;"Mersey Greenman";0;"Audra Cutriss";"1961-05-23";153973026;11131537;"Transgender";"25 Mendota Pass";"Nlounge";"Child"
14899;"Rice-Lowe";6498460;78005;"Jennilee Luke";0;"Betty Jeffcock";"1949-12-04";292230429;83554190;"Female";"599 Melrose Lane";"Twinder";"Spouse"
15128;"Kohler, Hirthe and Krajcik";2809574;704089;"Staci Mongenot";1;"Cyndia Hew";"1972-11-29";813470350;56419662;"Male";"067 Roth Trail";"Twitterwire";"Spouse"
17289;"Wyman Group";2455118;410968;"Aidan Pinnell";1;"Erin Dinning";"1985-04-28";831009261;14704136;"Female";"861 Esker Trail";"Gigaclub";"Parent"
18068;"Kerluke and Sons";5853625;180868;"Belicia Fidgeon";1;"Niki Eaden";"1947-02-24";696851800;892988;"Transgender";"32494 Graedel Alley";"Yata";"Parent"
19023;"Greenholt-Terry";4952780;872448;"Gilbertina Gatfield";0;"Darill Calow";"1978-03-08";798509792;68534108;"Transgender";"53 Dennis Center";"Feedmix";"Child"
20018;"Rippin, Doyle and Swift";4174810;463396;"Konstantin Groneway";0;"Dore Greasley";"1979-08-04";63270022;18014931;"Female";"15 Briar Crest Parkway";"Realpoint";"Spouse"
22628;"Sanford Group";2715700;377272;"Perri Martellini";1;"Alejandro Kornyshev";"1972-02-19";437562604;79370314;"Transgender";"370 Heffernan Plaza";"Meezzy";"Sibling"
24262;"Wiza-Reynolds";7233403;782242;"Morly Matteris";1;"Rosie Titterrell";"1966-06-22";496262352;19121601;"Male";"21729 East Place";"Blogpad";"Sibling"
24642;"Mills, Schowalter and Donnelly";705372;440319;"Charmaine Galpen";0;"Evelyn Broadway";"1983-02-05";19187335;65396864;"Male";"5 Dovetail Circle";"Rhyloo";"Parent"
26061;"Legros-Mills";2848032;910446;"Netti Hebblewhite";1;"Cathee Gostick";"1964-09-18";722250921;6478950;"Male";"66 Melody Junction";"Jetpulse";"Other"
27708;"Hauck, Boyle and Kerluke";2673496;317978;"Kellen Maykin";0;"Talbot Gallego";"1950-06-18";227715717;53318823;"Transgender";"9 Lotheville Terrace";"Skipstorm";"Spouse"
30195;"Kub, Ryan and Hoeger";1941381;414955;"Ginevra Gaine of England";0;"Cletus Dulton";"1990-03-11";556559665;41705460;"Male";"3 Sheridan Alley";"Edgeclub";"Spouse"
35506;"Brakus, Shanahan and Kozey";6323644;476536;"Gwenette Britcher";1;"Davine Hynson";"1966-06-05";542687805;7130091;"Female";"5 Mitchell Terrace";"Cogidoo";"Sibling"
38117;"Reichel-Gutmann";6521475;937698;"Maynord Dungay";0;"Baryram Burnip";"1996-12-21";233314378;16316051;"Female";"6 Portage Drive";"Kare";"Other"
38502;"Senger-Weber";4640202;891573;"Fergus Pamplin";1;"Millicent Ilett";"1956-06-15";303865131;18316409;"Male";"66632 Sunnyside Park";"Skipfire";"Spouse"
39107;"Jacobs Inc";1026868;272940;"Anna Gagin";0;"Minnaminnie O'Breen";"1974-11-05";813681904;23214359;"Female";"583 Dexter Place";"Vidoo";"Parent"
39532;"Cormier LLC";7567426;272190;"Shannen Ortet";1;"Cloris Davydychev";"1971-11-01";802186089;16403005;"Transgender";"319 Village Green Terrace";"Zoomcast";"Other"
41053;"Cormier-McGlynn";1289227;701452;"Virge MacAllister";1;"Raynor Strewthers";"1959-12-04";730396788;62076804;"Transgender";"93 Fallview Trail";"Browsecat";"Child"
42690;"Hills LLC";6368736;342107;"Kerr Zylberdik";0;"Kipper Trenbay";"1966-11-15";415310010;33927455;"Transgender";"76 Rigney Parkway";"Riffwire";"Other"
43189;"West and Sons";1289916;171633;"Carmita Pendrick";1;"Lazare Pascow";"1981-03-04";296206037;19640655;"Female";"35 Lighthouse Bay Plaza";"Wikido";"Parent"
45364;"Terry and Sons";8309065;554849;"Garret Sherlaw";1;"Roanna O'Loughlin";"1969-04-30";175460429;531859;"Transgender";"1802 Utah Plaza";"Avamba";"Parent"
48035;"Corwin, Weber and Rempel";8443486;991160;"Kenon Tilliards";0;"Clarisse O'Hdirscoll";"1977-05-11";658424751;89356965;"Male";"6457 Erie Court";"Viva";"Sibling"
50389;"Russel-Lang";1849350;184645;"Felizio Paolacci";1;"Bourke Ogelsby";"1945-01-13";784149410;4379786;"Transgender";"0 Bunker Hill Plaza";"Divape";"Parent"
52087;"Torphy, McLaughlin and Kerluke";908413;202802;"Adelina Squibe";0;"Sammy Dmych";"2001-07-15";358933804;81053210;"Female";"88 3rd Lane";"Pixonyx";"Sibling"
52104;"Cummerata LLC";1911507;400826;"Sella Bailess";1;"Patsy Lammerts";"1952-12-18";806991126;16183315;"Female";"8 Anniversary Junction";"Meetz";"Child"
52554;"Stehr and Sons";4818572;240877;"Dion Durkin";0;"Osborne Colthard";"1968-09-08";577959972;18132675;"Transgender";"9 Weeping Birch Road";"Flipopia";"Spouse"
53151;"Mueller and Sons";531690;967566;"Quincy Avrahm";1;"Tamas Drews";"1994-09-13";529084928;84737678;"Female";"0245 Duke Drive";"Oyope";"Parent"
55881;"Muller Group";155450;905326;"Marta Potebury";1;"Emlen Fawcus";"1981-01-22";467615286;10192073;"Female";"71342 Maryland Way";"Youtags";"Parent"
56962;"Krajcik, Ziemann and Waters";8467263;475363;"Karna Hibbart";0;"Seumas Golsby";"1999-12-17";24978849;45724193;"Male";"6 Warrior Court";"Abatz";"Other"
57749;"Heller LLC";8315400;484423;"Weber Benedyktowicz";1;"Astra Britton";"1999-04-18";146676060;75916170;"Male";"39863 Mallard Court";"Skinder";"Spouse"
58880;"Kessler Inc";2468810;356494;"Goran Baswall";1;"Phil Pacher";"1967-09-06";260802734;68187822;"Female";"500 Delaware Court";"Dynava";"Sibling"
61236;"Nikolaus-O'Hara";2223809;863736;"Ira Kelson";0;"Frankie Cuddehay";"1974-08-18";121979923;43796634;"Male";"2 American Terrace";"Linktype";"Spouse"
62979;"Hessel LLC";3355380;756137;"Rickard Bohden";1;"Clarinda O'Hanlon";"1981-01-10";547651768;15767144;"Male";"91 Corry Point";"Eamia";"Spouse"
63078;"Hickle Inc";5566124;536143;"Joella Monkman";1;"Ange Sodory";"1997-02-22";280361565;73882390;"Transgender";"7 Rusk Way";"Flipstorm";"Parent"
66436;"Daniel-Shanahan";125955;965097;"Sula Twycross";1;"Huey Carriage";"1980-03-20";430810048;16037461;"Transgender";"2 Walton Point";"Dabvine";"Other"
68734;"White-Cormier";8335083;820763;"Petunia Bundock";1;"Vick Doughartie";"1985-11-23";172686906;10544506;"Female";"2 Lukken Junction";"Jaxspan";"Other"
70755;"Green-Bernier";3436212;621980;"Jarred Hellikes";1;"Gay Kirkman";"1968-09-25";720804510;37393370;"Female";"3854 Debra Park";"Meeveo";"Parent"
71011;"Bruen, Mraz and Ebert";7886294;737312;"Sibella Curnow";0;"Zelda Ivanyukov";"1962-05-09";844455441;25351727;"Female";"3284 Bellgrove Parkway";"Brainverse";"Sibling"
73017;"Berge-Schiller";4433204;536941;"Osborn Drakes";1;"Chiarra De Giorgio";"1970-10-03";141496594;597738;"Female";"510 6th Alley";"Layo";"Sibling"
73027;"Olson, Durgan and Kohler";7454284;716524;"Damaris Kinastan";1;"Gerrie Hackwell";"1949-11-07";439384697;73868448;"Male";"471 Miller Plaza";"Jetpulse";"Sibling"
73587;"MacGyver-Runte";7182001;684461;"Tarah Manie";0;"Brannon Longhirst";"1951-07-14";718818518;49623316;"Transgender";"466 Mesta Alley";"Oyoyo";"Child"
75381;"Beahan Inc";9849069;973922;"Penny Inworth";0;"Delmor Owthwaite";"1992-09-29";256730999;35277481;"Female";"1 Summit Drive";"Blogpad";"Parent"
77081;"O'Conner-Herman";930358;334208;"Ruddie Leall";1;"Skip Fernehough";"1958-02-27";299964252;86829542;"Female";"0564 Almo Pass";"Pixope";"Other"
79444;"Smith, Metz and Mohr";2291549;780631;"Christoffer Bruniges";1;"Bobinette Simenet";"1985-11-02";277199394;1515435;"Transgender";"1988 Pond Road";"Jabbersphere";"Spouse"
80264;"Conn-Windler";4184023;981288;"Ashlie Fennessy";1;"Berne Antoniou";"1970-01-31";594704899;57060555;"Transgender";"442 Packers Plaza";"Nlounge";"Parent"
81590;"Kunze, Boyer and Swaniawski";6426410;667742;"Guillaume Boram";0;"Joy Minico";"1975-12-20";888088228;86144608;"Transgender";"9031 Merry Lane";"Dynava";"Sibling"
81962;"Bode-Quigley";4843143;422500;"Fairfax Bister";1;"Marita Shailer";"2001-06-30";226880535;36857671;"Male";"74973 Brown Hill";"Zazio";"Other"
83889;"Hickle, Murazik and Schneider";7987137;872173;"Brock Lyddy";1;"Gardie Wrassell";"1999-12-27";579448362;42693062;"Female";"0 Killdeer Crossing";"Youspan";"Sibling"
84491;"Schumm LLC";4330486;905089;"Wittie Quayle";1;"Georas MacClay";"1982-12-15";840892477;22310259;"Female";"0677 Dryden Road";"Yombu";"Other"
85887;"Swaniawski-McKenzie";4573697;545375;"Bridget Pinel";1;"Essa Lawman";"1995-07-07";46458982;65241524;"Female";"6131 Sycamore Trail";"Mynte";"Sibling"
86899;"Leffler, Zemlak and Berge";8028762;815547;"Billie Laytham";1;"Shandee Arrol";"1999-02-10";737833216;87858980;"Male";"367 Prairieview Plaza";"Jabbertype";"Sibling"
88513;"Gutmann-Walter";2689156;530562;"Kirbee Vanshin";0;"Dixie Trotman";"1996-06-15";222491072;69218136;"Female";"475 Buhler Street";"Rhycero";"Other"
88613;"Lakin-Windler";8795799;117942;"Angelo Hambling";1;"Armstrong Cruxton";"2002-02-07";154653856;48879334;"Male";"91885 Hoard Center";"Devbug";"Child"
89131;"Miller and Sons";5748437;252906;"Selia Pexton";1;"Gearalt Franzetti";"1960-05-12";128888066;54430723;"Female";"5960 Briar Crest Parkway";"Centidel";"Other"
90134;"Quigley, Stroman and Mann";2515813;367964;"Amalee Buscombe";0;"Ringo Tod";"1953-12-27";744001734;80897260;"Female";"2 Autumn Leaf Court";"Twitterlist";"Child"
93409;"Macejkovic Inc";6770344;130863;"Karney McGonigle";0;"Linnet Blackett";"1980-08-14";640233217;88253321;"Transgender";"5220 Grasskamp Junction";"Shufflebeat";"Spouse"
96163;"Reichel-Sipes";4033384;581946;"Maridel McCallion";1;"Fabien Viccars";"1997-01-25";810673803;53334274;"Male";"82 Debra Park";"Fanoodle";"Spouse"
96526;"Terry, Jones and Volkman";6237795;848032;"Joyan Roelofsen";1;"Bink Arrault";"1958-07-07";172662750;72921608;"Transgender";"9020 Wayridge Place";"Meemm";"Parent"
96784;"Bins-Jakubowski";5397750;459618;"Elliot Pleming";1;"Terrence Gerardet";"1972-07-09";356635512;8713439;"Male";"9 Marquette Hill";"Feedbug";"Parent"
99918;"Pfeffer, Boyle and Satterfield";1443225;767423;"Mohandas Marwood";0;"Egbert Smidmore";"1958-11-23";598711120;81648305;"Male";"08820 Spenser Circle";"Voomm";"Parent"
99973;"Upton-Dach";1775780;903841;"Jessica Goreway";1;"Kay Aldhouse";"1950-11-24";316500226;43290638;"Transgender";"10 Kinsman Point";"Wikibox";"Sibling"
